{
    "main.bike_start": {
        "sounds": [
            {
                "name": "bike_start"
            }
        ],
        "category": "player"
    },
    "main.frost_breath": {
        "sounds": [
            {
                "name": "frost_breath"
            }
        ],
        "category": "player"
    },
    "main.frost_charge": {
        "sounds": [
            {
                "name": "frost_charge"
            }
        ],
        "category": "player"
    },
    "main.termy_voice": {
        "sounds": [
            {
                "name": "termy_voice"
            }
        ],
        "category": "player"
    },
    "main.robocop_voice": {
        "sounds": [
            {
                "name": "robocop_voice"
            }
        ],
        "category": "player"
    },
    "main.robocop_step": {
        "sounds": [
            {
                "name": "robocop_step"
            }
        ],
        "category": "player"
    },
    "main.sent_shoot": {
        "sounds": [
            {
                "name": "sent_shoot"
            }
        ],
        "category": "player"
    },
    "main.shazam": {
        "sounds": [
            {
                "name": "shazam"
            }
        ],
        "category": "player"
    },
    "main.wheel": {
        "sounds": [
            {
                "name": "wheel"
            }
        ],
        "category": "player"
    },
    "main.grapple": {
        "sounds": [
            {
                "name": "grapple"
            }
        ],
        "category": "player"
    },
    "main.ener_on": {
        "sounds": [
            {
                "name": "energy_on"
            }
        ],
        "category": "player"
    },
    "main.ener_off": {
        "sounds": [
            {
                "name": "energy_off"
            }
        ],
        "category": "player"
    },
    "main.rockets": {
        "sounds": [
            {
                "name": "rockets"
            }
        ],
        "category": "player"
    },
    "main.snap": {
        "sounds": [
            {
                "name": "snap"
            }
        ],
        "category": "player"
    },
    "main.speed_punches": {
        "sounds": [
            {
                "name": "speed_punches"
            }
        ],
        "category": "player"
    },
    "main.titan_transformation": {
        "sounds": [
            {
                "name": "titan_transformation"
            }
        ],
        "category": "player"
    },
    "main.eren_spikes_sound": {
        "sounds": [
            {
                "name": "eren_spikes_sound"
            }
        ],
        "category": "player"
    },
    "main.hk_p30l": {
        "sounds": [
            {
                "name": "hk_p30l"
            }
        ],
        "category": "player"
    },
    "main.benelli_m4": {
        "sounds": [
            {
                "name": "benelli_m4"
            }
        ],
        "category": "player"
    },
    "main.tr1_ar": {
        "sounds": [
            {
                "name": "tr1_ar"
            }
        ],
        "category": "player"
    },
    "main.kimber": {
        "sounds": [
            {
                "name": "kimber"
            }
        ],
        "category": "player"
    },
    "main.revolver": {
        "sounds": [
            {
                "name": "revolver"
            }
        ],
        "category": "player"
    },
    "main.sniper": {
        "sounds": [
            {
                "name": "sniper"
            }
        ],
        "category": "player"
    },
    "main.piercing_blood": {
        "sounds": [
            {
                "name": "piercing_blood"
            }
        ],
        "category": "player"
    },
    "main.reload_barrett": {
        "sounds": [
            {
                "name": "reload_barrett"
            }
        ],
        "category": "player"
    },
    "main.reload_benelli": {
        "sounds": [
            {
                "name": "reload_benelli"
            }
        ],
        "category": "player"
    },
    "main.reload_glock": {
        "sounds": [
            {
                "name": "reload_glock"
            }
        ],
        "category": "player"
    },
    "main.reload_hk": {
        "sounds": [
            {
                "name": "reload_hk"
            }
        ],
        "category": "player"
    },
    "main.reload_kimber": {
        "sounds": [
            {
                "name": "reload_kimber"
            }
        ],
        "category": "player"
    },
    "main.reload_rifle": {
        "sounds": [
            {
                "name": "reload_rifle"
            }
        ],
        "category": "player"
    },
    "main.reload_sw": {
        "sounds": [
            {
                "name": "reload_sw"
            }
        ],
        "category": "player"
    }
}