{
    "main.bike_start": {
        "sounds": [
            {
                "name": "bike_start"
            }
        ],
        "category": "player"
    },
    "main.frost_breath": {
        "sounds": [
            {
                "name": "frost_breath"
            }
        ],
        "category": "player"
    },
    "main.frost_charge": {
        "sounds": [
            {
                "name": "frost_charge"
            }
        ],
        "category": "player"
    }
}